id,tipo,dato,ubicaciones,valores_encontrados,valor_en_datos,gravedad,nota
C01,cobertura,"Fracción del genoma de SARS-CoV-2 cubierta a >=10 lecturas por biblioteca (Run01)",secciones/02_cuerpo/04_analisis_datos.tex:86;secciones/02_cuerpo/04_analisis_datos.tex:96-105;secciones/02_cuerpo/05_discusion.tex:15;secciones/03_finales/03_anexos_i.tex:77-86,"Tabla Freyja y texto: 23,9 / 28,6 / 27,5 / 20,8 / 33,0 / 21,7 / 31,8 / 24,4 / 42,1 / 24,2 (rango 20,8-42,1; discusión 21-42 %). Anexo B >=10x: 24,8 / 29,1 / 28,0 / 22,0 / 34,2 / 22,3 / 32,5 / 24,9 / 42,2 / 25,2 (rango 22,0-42,2)","freyja_sars.csv cobertura10 = valores de la tabla Freyja; qc_bibliotecas.csv cob10 = valores del Anexo B","media","La misma métrica (genoma >=10x por biblioteca) aparece con dos valores distintos para las diez bibliotecas. Metodología (03_metodologia_diseno.tex:259) dice que los mismos alineamientos dan Freyja y las métricas del Anexo B. Aclarar en el pie de la tabla Freyja que es la cobertura tras el recorte de cebadores/filtro de Freyja o unificar la fuente."
C02,porcentaje,"Proporción de lecturas de enterovirus en la región VP1 (semanas 45 y 46)",secciones/02_cuerpo/04_analisis_datos.tex:121;secciones/03_finales/03_anexos_i.tex:117-120,"Texto: 91,5 % (sem. 45) y 51,7 % (sem. 46)","qc_bibliotecas.csv: lecturas en VP1/lecturas totales = (47416+5629)/(66738+7898) = 71,1 % (sem. 45); (2482+3145)/(23480+23879) = 11,9 % (sem. 46)","media","Las cifras del texto no se reproducen con el Anexo B; probablemente usan como denominador solo las lecturas asignadas a genomas completos (script 11_ev_regiones.sh, alineamientos >=300 pb), que no están en ningún CSV. Un lector que compare con el Anexo B obtendrá 71 % y 12 %. Indicar el denominador o citar la fuente."
C03,conteo,"Muestras con amplificación del control interno RP en los análisis 2 a 8",secciones/02_cuerpo/04_analisis_datos.tex:58;secciones/03_finales/03_anexos_i.tex:18-59,"19 de 40","anexo_sars_muestras.csv: 19 semanas con RP en el análisis conservado. 15_tablas_anexo.py registra además RP en la repetición del análisis 4 para la semana 14 (18,10) y la semana 17 (39,79), que no se muestran","media","El 19/40 es correcto solo para el análisis conservado por semana. Por muestra, RP amplificó en 21 de 40 si se cuentan las repeticiones. Precisar 'en el análisis conservado' o corregir."
C04,Cq,"Cq de RP anómalamente bajos",secciones/03_finales/03_anexos_i.tex:38;secciones/03_finales/03_anexos_i.tex:48,"Semana 21: RP 7,20; semana 31: RP 11,15","anexo_sars_muestras.csv y 15_tablas_anexo.py (transcrito de Outline.docx): 7,2 y 11,15","media","Son más bajos que el control positivo del kit (20-25) y que los hisopados (11-21); un Cq de 7 para ARN humano en agua residual es improbable. Posible error de transcripción de la bitácora (p. ej. 27,20 / 31,15). La semana 31 es además la única secuenciada sin Cq de N1 ni N2. Verificar contra la bitácora."
C05,diseño,"Virus analizados en las muestras retrospectivas (semanas 17-20 y 34-37)",secciones/02_cuerpo/03_metodologia_diseno.tex:47-48;secciones/02_cuerpo/03_metodologia_diseno.tex:53;secciones/02_cuerpo/04_analisis_datos.tex:3;secciones/02_cuerpo/04_analisis_datos.tex:146-151,"Tabla de diseño temporal: 'SARS-CoV-2, Poliovirus, RSV'. Texto de metodología (l. 53) y Resultados: solo poliovirus/enterovirus y RSV","poliovirus.csv y rsv.csv contienen las 8 retrospectivas; sars_cov2.csv solo tiene las semanas 1-42 como prospectivas frescas","media","La tabla tab:diseno_temporal atribuye SARS-CoV-2 a las retrospectivas y su título dice 'analizadas para poliovirus y RSV'. Quitar SARS-CoV-2 de esas dos filas."
C06,regla,"Criterio para elegir el análisis de RT-qPCR cuando una semana se midió dos veces",secciones/03_finales/03_anexos_i.tex:7,"'se conservó la que detectó más blancos'","cq_dataset.py: cuenta solo N1 y N2; empate -> menor número de análisis. Semana 17: análisis 3 (N1) frente a análisis 4 (N1 43,77 + RP 39,79); semana 14: análisis 3 (N1+N2) frente a análisis 4 (N1+RP)","baja","Si 'blancos' incluye RP, la semana 17 debería tomarse del análisis 4. Precisar 'más blancos de SARS-CoV-2 (N1, N2); en empate, el análisis más temprano'."
C07,lecturas,"Lecturas de SARS-CoV-2 en las corridas posteriores a la semana 9",secciones/02_cuerpo/05_discusion.tex:11;secciones/02_cuerpo/04_analisis_datos.tex:5;secciones/02_cuerpo/04_analisis_datos.tex:117;secciones/01_preliminares/07_resumen.tex:3;secciones/01_preliminares/08_abstract.tex:3,"Discusión: 'ausencia total de lecturas del virus'; Resumen/abstract: 'no aportaron lecturas del virus' / 'yielded no viral reads'; Resultados: 'entre 0 y 1 lectura'","qc_bibliotecas.csv: semanas 23 y 25 con 1 lectura del blanco cada una","baja","Matiz: dos bibliotecas tuvieron 1 lectura. Resultados lo dice bien; discusión y resumen lo redondean a cero."
C08,fecha,"Rótulo del panel inferior del mapa de calor (figura f1)",assets/figuras/resultados/f1_heatmap_temporal.pdf;assets/datos/generar_figuras.py,"'Semanas 29-56 (nov 2025 - may 2026)'","Semana 29 inicia el 27/10/2025","baja","Debería decir 'oct 2025 - may 2026'. El panel superior ('abr - oct 2025') es correcto."
C09,Cq,"Banda verde de la figura de Cq",assets/figuras/resultados/f5_cq_sars.pdf;secciones/02_cuerpo/04_analisis_datos.tex:52;assets/datos/generar_figuras.py,"Banda fija de 33 a 36; leyenda 'rango de Cq de las muestras con linaje determinado'","Linaje determinado: N1 33,14-35,80; N2 32,30-44,13","baja","La banda aproxima solo el rango de N1 y está codificada a mano. Precisar 'rango de Cq de N1' o calcularla con los datos (33,1-35,8)."
C10,texto,"Leyenda del eje invertido de la figura de Cq",secciones/02_cuerpo/04_analisis_datos.tex:52,"'los valores más altos corresponden a mayor carga viral'","Eje invertido: Cq bajo arriba = mayor carga","baja","Ambiguo: un Cq más alto indica menos carga. Mejor 'los puntos situados más arriba (Cq más bajos) corresponden a mayor carga viral'."
C11,longitud,"Longitud de la identidad entre los consensos de VP1 de las semanas 45 y 46",secciones/02_cuerpo/04_analisis_datos.tex:123,"'idénticas en 1087 pb'","vp1_consensos.fa: WW45 1094 pb (AF499635 2392-3485); WW46 1087 pb (2403-3489); solapamiento por coordenadas = 2403-3485 (1083 pb)","baja","Según las coordenadas de los encabezados, el solapamiento es de 1083 pb y no de 1087. Confirmar con el alineamiento (puede deberse a inserciones)."
C12,nomenclatura,"Nombre de la segunda corrida de SARS-CoV-2",secciones/03_finales/03_anexos_i.tex:27-34;secciones/03_finales/03_anexos_i.tex:87-100;assets/datos/qc_bibliotecas.csv;assets/datos/anexo_sars_muestras.csv,"Run01, Run2, Run03, Run04","—","baja","Formato de nombre inconsistente; unificar como Run02."
C13,control,"ID del hisopado usado como control de extracción",secciones/03_finales/03_anexos_i.tex:141;secciones/03_finales/03_anexos_i.tex:143;assets/datos/controles.csv,"Análisis 5 y 7: ambos '5109' (20,65/19,16 y 20,83/19,97)","controles.csv","baja","Los demás análisis usan IDs correlativos (5104, 5106, 5107, 5111, 5112); la repetición de 5109 en el análisis 7 podría ser un error de transcripción (¿5110?). Verificar en la bitácora."
C14,conservación,"Método de conservación retrospectivo PBS",secciones/02_cuerpo/03_metodologia_diseno.tex:53,"'solución salina tamponada con fosfato (PBS)' sin concentración","Resumen, resultados, discusión, figura f4 y poliovirus.csv/rsv.csv: PBS 1X","baja","Añadir '1X' en la metodología para que coincida."
C15,trazabilidad,"Cifras del texto sin respaldo en los CSV de datos",secciones/02_cuerpo/04_analisis_datos.tex:64;secciones/02_cuerpo/04_analisis_datos.tex:66;secciones/02_cuerpo/04_analisis_datos.tex:117;secciones/02_cuerpo/04_analisis_datos.tex:121;secciones/02_cuerpo/04_analisis_datos.tex:136;secciones/02_cuerpo/05_discusion.tex:31,"3-14 sustituciones; cambio de linaje en 4 de 6 semanas con el dataset de sept. 2026; 28,9-75,3 % y 2,2-19,5 % de lecturas con cebadores sin alinear; bandas de 1100-1200 pb; 73,2-78,4 % de lecturas con cebadores ARTIC RSV y longitud mediana de 155-234 pb; conservación de alrededor de un mes a -20 °C","No figuran en assets/datos/*.csv","baja","No contradicen nada, pero no se pueden recalcular con los datos del repositorio. Conviene exportarlas a un CSV o señalar el script/salida de origen (Recursos/Correcciones/reanalisis)."
