Acosta_2022	Recursos/fuentes/libros/Longitudinal SARS-CoV-2 RNA wastewater monitoring across a -- Nicole Acosta;María A_ Bautista;Barbara J_ Waddell;Janine -- Suppl C, Vol_220 -- Water -- doi 10_1016_j_watres_2022_118611 -- cb2778624a78d6bdc1a432.pdf
Ahmed_2020	Recursos/fuentes/Sars-cov2/ahmed-2020-first-detection-sarscov2-wastewater-australia.pdf
Asghar_2014	Recursos/fuentes/polio/asghar-2014-environmental-surveillance-poliovirus-gpei.pdf
Barbe_2022	Recursos/fuentes/Sars-cov2/fmicb-13-889811.pdf
Bottcher_2025	Recursos/fuentes/polio/eurosurv-30-3-1.pdf
Bruno_2025	Recursos/fuentes/Sars-cov2/bruno-2025-andean-community-sarscov2.pdf
Bubba_2023	Recursos/fuentes/polio/microorganisms-11-02496-v2 (1).pdf
Chan_2025	Recursos/fuentes/RSV/respiratory-virus-season-surveillance-in-the-united-states-using-wastewater-metrics-2023-2024.pdf
Child_2023	Recursos/fuentes/polio/child-et-al-2023-comparison-of-metagenomic-and-targeted-methods-for-sequencing-human-pathogenic-viruses-from-wastewater.pdf
Crits_Christoph_2021	Recursos/fuentes/Sars-cov2/crits-christoph-2021-sewage-sequencing-variants.pdf
Dash_2024	Recursos/fuentes/libros/Next Generation Sequencing (NGS) Technology in DNA Analysis -- Hirak Ranjan Dash, Kelly M_ Elkins, Noora Rashid Al-Snan -- 2024 -- Elsevier Science & -- isbn13 9780323991445 -- 67dfb4eeb0228cb146f6f1ab569e2275 .pdf
Falman_2019	Recursos/fuentes/polio/s12560-018-09364-y.pdf
Geissler_2025	Recursos/fuentes/RSV/s41598-025-13998-x.pdf
Haque_2023	Recursos/fuentes/Sars-cov2/s40246-023-00505-4.pdf
Hughes_2022	Recursos/fuentes/RSV/respiratory-syncytial-virus-(rsv)-rna-in-wastewater-settled-solids-reflects-rsv-clinical-positivity-rates.pdf
Itokawa_2020	Recursos/fuentes/Sars-cov2/sars_cov.pdf
Karthikeyan_2022	Recursos/fuentes/Sars-cov2/s41586-022-05049-6.pdf
Kissova_2022	Recursos/fuentes/polio/viruses-14-01599.pdf
Klapsa_2022	Recursos/fuentes/polio/PIIS0140673622018049.pdf
Lansivaara_2024	Recursos/fuentes/RSV/wastewater-based-surveillance-of-respiratory-syncytial-virus-epidemic-at-the-national-level-in-finland.pdf
Le_2025	Recursos/fuentes/RSV/s41598-025-20371-5.pdf
Lesenfants_2026	Recursos/fuentes/polio/1-s2.0-S2468266726000514-main.pdf
Maloney_2025	Recursos/RSV_paper_Romel.pdf
Martin_2016	Recursos/fuentes/libros/Poliovirus_ Methods and Protocols (Methods in Molecular -- Javier Martín (eds_) -- Methods in Molecular Biology, Methods in Molecular Biology -- isbn13 9781493932917 -- b543683c74eda917e917a13243ed8e41 -- Anna’.pdf
MasLago_2003	Recursos/fuentes/polio/lago2003.pdf
Medema_2020	Recursos/fuentes/Sars-cov2/medema.pdf
MejiaCalle_2024	Recursos/Ejemplo.pdf
Mercier_2025	Recursos/fuentes/RSV/Cost-effectiveness of wastewater and environmental monitoring of respiratory syncytial virus to guide universal infant immunoprophylaxis in Canada.pdf
OReilly_2020	Recursos/fuentes/polio/1-s2.0-S2666524720301002-main.pdf
Parkins_2023	Recursos/fuentes/Sars-cov2/parkins-et-al-2023-wastewater-based-surveillance-as-a-tool-for-public-health-action-sars-cov-2-and-beyond.pdf
RoldanHernandez_2023	Recursos/fuentes/RSV/adsorption-of-respiratory-syncytial-virus-rhinovirus-sars-cov-2-and-f-bacteriophage-ms2-rna-onto-wastewater-solids-from.pdf
Sangsanont_2022	Recursos/fuentes/libros/SARS-CoV-2 RNA surveillance in large to small centralized -- Jatuwat Sangsanont, Surapong Rattanakul, Akechai Kongprajug, -- Suppl C, Vol_809 -- The -- doi 10_1016_j_scitotenv_2021_151169 -- 1c9f1ff4495830b7a49.pdf
Seo_2025	Recursos/fuentes/polio/s41598-025-92912-x.pdf
Shaw_2020	Recursos/fuentes/polio/shaw-et-al-2020-rapid-and-sensitive-direct-detection-and-identification-of-poliovirus-from-stool-and-environmental.pdf
Shaw_2022_protocol	Recursos/polio/nested-vp1-pcr-and-nanopore-sequencing-from-stool_protocolo.pdf
Shaw_2022	Recursos/fuentes/polio/jiab518.pdf
Sims_2020	Recursos/fuentes/Sars-cov2/sims-2020-wbe-future-perspectives.pdf
Subedi_2019	Recursos/fuentes/libros/Wastewater-based epidemiology _ estimation of community -- American Chemical Society_ Division of Environmental -- ACS Symposium Series, ACS symposium -- isbn13 9780841234406 -- d2817c768d8b702fd4e8c6543846 (1).pdf
ToribioAvedillo_2024	Recursos/fuentes/RSV/1-s2.0-S0048969724007757-main.pdf
Yousif_2023	Recursos/fuentes/Sars-cov2/s41467-023-41369-5.pdf
Zahmatkesh_2022	Recursos/fuentes/libros/Review of Concerned SARS-CoV-2 Variants Like Alpha -- Sasan Zahmatkesh;Mika Sillanpaa;Yousof Rezakhani;Chongqing -- Vol_7 -- Journal of Hazardous -- doi 10_1016_j_hazadv_2022_100140 -- 834cb653e5fc82eef9efd2eea.pdf
Zambrana_2024	Recursos/fuentes/RSV/zambrana-et-al-2024-spatial-and-temporal-variation-in-respiratory-syncytial-virus-(rsv)-subtype-rna-in-wastewater-and.pdf
Zulli_2024	Recursos/fuentes/RSV/observations-of-respiratory-syncytial-virus-(rsv)-nucleic-acids-in-wastewater-solids-across-the-united-states-in-the.pdf
Zurbriggen_2008	Recursos/fuentes/polio/zurbriggen-et-al-2008-isolation-of-sabin-like-polioviruses-from-wastewater-in-a-country-using-inactivated-polio-vaccine.pdf
MSP_2023	Recursos/fuentes/polio/msp-ecuador-esquema-nacional-vacunacion-2023.pdf
Murray_2021	Recursos/fuentes/libros/BM Murray Microbiología Médica 9a_2021.pdf
Aksamentov_2021	SIN_PDF
Arita_2015	SIN_PDF
Camacho_2009	SIN_PDF
Danecek_2021	SIN_PDF
Katoh_2013	SIN_PDF
Kilpatrick_2011	SIN_PDF
Li_2018	SIN_PDF
Minh_2020	SIN_PDF
NEB_2020	SIN_PDF
NEB_2021	SIN_PDF
ONT_2025	SIN_PDF
OToole_2021	SIN_PDF
WHO_2020	SIN_PDF
Yang_1991	SIN_PDF
Zymo_2023	SIN_PDF
Lu_2020	Recursos/fuentes/Sars-cov2/lu-2020-cdc-rtpcr-panel-sarscov2.pdf
Schang_2021	Recursos/fuentes/Sars-cov2/schang-2021-passive-sampling-sarscov2.pdf
