id,ubicacion,clausula,citas,coincidencia,evidencia_textual,pagina_traza,otra_fuente,nota
INTA-01,01_introduccion.tex:5,La vigilancia de patógenos virales en aguas residuales se ha consolidado como una estrategia complementaria,Sims_2020,parcial,"""Wastewater-Based Epidemiology (WBE) is a new epidemiology tool that has potential to act as a complementary approach for current infectious disease surveillance systems""",Sims_2020 p.2,,"Se sostiene 'complementaria'; 'se ha consolidado' omite el calificador de la fuente (herramienta nueva con potencial, 2020)."
INTA-02,01_introduccion.tex:5,"A diferencia de la vigilancia clínica, no depende del acceso a servicios de salud ni de la notificación de casos",Sims_2020,parcial,"""in countries with less developed health services, morbidity might be higher than assumed due to people failing to report to a healthcare service due to lack of access ... these cases are not reported"" / Tabla 1 WBE: ""Information given on whole population""",Sims_2020 p.4,"Parkins_2023 p.2 (""irrespective of symptoms or the ability to access clinical testing"")",Sims describe la falla de la vigilancia clínica por acceso y subnotificación; la afirmación explícita de independencia del acceso está en Parkins_2023.
INTA-03,01_introduccion.tex:5,El análisis integra señales de una comunidad conectada a una red de alcantarillado; enfoque denominado epidemiología basada en aguas residuales,Sims_2020,coincide,"""WWTPs serve communities located in well-defined geographical sewerage catchment areas ... as a whole population contributes to wastewater collected by any WWTP, wastewater from this community can be considered as its pooled urine""; ""Often referred to as wastewater-based epidemiology (WBE)""",Sims_2020 p.5,,
INTA-04,01_introduccion.tex:5,"Genera información agregada sobre la presencia, la persistencia y los cambios temporales de microorganismos de interés sanitario",Sims_2020,parcial,"""could inform what diseases are present in a community""; ""Capable of spatial and temporal trends""",Sims_2020 p.9; Sims_2020 p.4,,Presencia y tendencias temporales se sostienen; 'persistencia' de microorganismos no aparece en Sims.
INTA-05,01_introduccion.tex:7,La detección de ARN de SARS-CoV-2 en aguas residuales demostró que puede reflejar la circulación comunitaria del virus,Ahmed_2020; Medema_2020,coincide,"Medema: ""The detection of the virus in sewage, even when the COVID-19 prevalence is low, indicates that sewage surveillance could be a sensitive tool to monitor the circulation of the virus in the population."" Ahmed: ""wastewater monitoring has great potential to provide early warning signs on how broadly SARS-CoV-2 is circulating in the community""",Medema_2020 p.1; Ahmed_2020 p.8,,"Ambos son estudios de prueba de concepto ('could', 'potential'); 'demostró' es algo más fuerte que la fuente."
INTA-06,01_introduccion.tex:7,Incluso cuando la vigilancia clínica tiene limitaciones de cobertura o retrasos en la notificación,Ahmed_2020; Medema_2020,coincide,"Medema: ""complement current clinical surveillance, which is limited to the COVID-19 patients with the most severe symptoms""; ""suggests virus circulation in the population before COVID-19 cases are reported through the health surveillance system"". Ahmed: ""especially in those individuals showing mild symptoms or no symptoms at all""",Medema_2020 p.2; Medema_2020 p.6; Ahmed_2020 p.8,,
INTA-07,01_introduccion.tex:7,"La secuenciación permitió pasar a la vigilancia genómica, con capacidad para identificar linajes, variantes y diversidad viral en una población",Crits_Christoph_2021,coincide,"""metatranscriptomic sequencing of wastewater can be used to profile the viral genetic diversity across infected communities""; ""indicating that wastewater sequencing can provide evidence for recent introductions of viral lineages before they are detected by local clinical sequencing""",Crits_Christoph_2021 p.1,,
INTA-08,01_introduccion.tex:9,Las aguas residuales se han utilizado para la vigilancia ambiental del poliovirus dentro de los esfuerzos globales de erradicación,Asghar_2014,coincide,"""This article summarizes the status of environmental surveillance (ES) used by the Global Polio Eradication Initiative""; ""ES detects poliovirus circulation in environmental sewage and is used to monitor transmission in communities.""",Asghar_2014 p.1,,
INTA-09,01_introduccion.tex:9,El ARN del virus sincitial respiratorio puede detectarse en aguas residuales,Hughes_2022,coincide,"""we report that respiratory syncytial virus (RSV) genomic ribonucleic acid can be detected in wastewater settled solids at two publicly owned treatment works""",Hughes_2022 p.1,,La fuente precisa la matriz: sólidos sedimentados.
INTA-10,01_introduccion.tex:9,El ARN de RSV en aguas residuales puede relacionarse con patrones o sospechas clínicas de infección respiratoria,Hughes_2022,parcial,"""its concentration in settled solids is strongly associated (Kendalls tau = 0.65−0.77, p < 10−7) with clinical positivity rates for RSV at sentinel laboratories across the state in 2021""",Hughes_2022 p.1,,Se sostiene la asociación con tasas de positividad clínica de RSV; 'sospechas clínicas de infección respiratoria' no aparece.
INTA-11,01_introduccion.tex:13,"La vigilancia basada en casos depende de la presencia de síntomas, la búsqueda de atención, el acceso al diagnóstico y la notificación oportuna",Bubba_2023; Parkins_2023,coincide,"Parkins: ""monitor an entire population (irrespective of symptoms or the ability to access clinical testing)""; ""is not impacted by lags in clinical reporting"". Bubba: ""unlikely to be noted in case-based testing or via clinical surveillance""",Parkins_2023 p.2; Parkins_2023 p.6; Bubba_2023 p.2,"Hughes_2022 p.1 (""people do not require or seek care"")","'Búsqueda de atención' está explícita en Hughes_2022, no en las fuentes citadas del párrafo."
INTA-12,01_introduccion.tex:13,Limitación: cobertura poblacional incompleta,Bubba_2023; Parkins_2023,coincide,"Parkins: ""WBS does not suffer from limitations such as selective population sampling bias (i.e., the potential exclusion of members from some disadvantaged classes)""",Parkins_2023 p.6,,
INTA-13,01_introduccion.tex:13,Limitación: disponibilidad limitada de pruebas,Bubba_2023; Parkins_2023,coincide,"Parkins: ""does not suffer from testing fatigue and availability""; ""given the limited availability of testing in some areas""",Parkins_2023 p.6; Parkins_2023 p.3,,
INTA-14,01_introduccion.tex:13,Limitación: retrasos de reporte,Bubba_2023; Parkins_2023,coincide,"Parkins: ""is not impacted by lags in clinical reporting (68)""",Parkins_2023 p.6,,
INTA-15,01_introduccion.tex:13,Limitación: falta de registro de infecciones leves o asintomáticas,Bubba_2023; Parkins_2023,coincide,"Bubba: ""particularly if the pathogens in question circulate largely asymptomatically and are therefore unlikely to be noted in case-based testing or via clinical surveillance""",Bubba_2023 p.2,"Medema_2020 p.6 (""people with mild symptoms are not tested"")",Asintomáticas en Bubba; 'leves' está explícito en Medema_2020.
INTA-16,01_introduccion.tex:13,"Durante COVID-19 los casos registrados subestimaron la carga real por la limitada disponibilidad de pruebas y la reducción del análisis clínico en la ola Ómicron BA.1, cuando la transmisión superó la capacidad diagnóstica",Parkins_2023,coincide,"""This number underestimates the true burden of the disease, given the limited availability of testing in some areas and the limited role of clinical testing later in the pandemic, particularly since the onset of the Omicron BA.1 wave, which spread so rapidly that it exceeded clinical testing capacity (14).""",Parkins_2023 p.3,,
INTA-17,01_introduccion.tex:15,"La vigilancia en aguas residuales ofrece una visión representativa de la población conectada, al captar material excretado con independencia de síntomas, búsqueda de atención o acceso a diagnóstico",Parkins_2023,coincide,"""Intrinsic to WBS is its unique ability to monitor an entire population (irrespective of symptoms or the ability to access clinical testing) objectively, passively, and comprehensively, thus being inclusive and representative (1).""",Parkins_2023 p.2,,
INTA-18,01_introduccion.tex:15,En países de ingresos bajos y medios los programas enfrentan limitaciones de infraestructura sanitaria,Parkins_2023,coincide,"""most countries are poorly equipped to perform WBS on a large, nationwide scale (533). For example, many LMIC have a dearth of formal wastewater treatment plants and programs.""",Parkins_2023 p.39,,
INTA-19,01_introduccion.tex:15,…de financiamiento y de frecuencia de muestreo,Parkins_2023,coincide,"""Major differences between LMIC and HIC programs generally related to financial support, which limited the frequency with which sampling could be performed""",Parkins_2023 p.39,,
INTA-20,01_introduccion.tex:15,…y de capacidad para la vigilancia de variantes,Parkins_2023,coincide,"""and precluded more advanced investigations such as those to detect and monitor emerging variants""",Parkins_2023 p.39,,
INTA-21,01_introduccion.tex:17,La vigilancia clínica de poliovirus se apoya en la detección de parálisis flácida aguda,Zurbriggen_2008,coincide,"""poliovirus surveillance based on virological investigation of acute flaccid paralysis (AFP) cases""; ""AFP surveillance is presently the gold standard""",Zurbriggen_2008 p.1,,
INTA-22,01_introduccion.tex:17,La tasa de ataque clínico del poliovirus virulento puede ser de un caso paralítico por cada 100 infecciones o menos,Zurbriggen_2008,coincide,"""the low clinical attack rate following infection with virulent polioviruses (≤1:100 paralytic case/infections)""",Zurbriggen_2008 p.1,,
INTA-23,01_introduccion.tex:17,El virus puede circular sin casos notificados y esa circulación silenciosa es la que la vigilancia ambiental permite detectar,Asghar_2014,coincide,"""ES can assist in identifying residual WPV transmission, such as where WPV circulates among those who are asymptomatically infected and not showing clinical signs of paralysis.""; ""WPV was found in Lahore in the absence of AFP cases, which allowed the program to continue ... to stop silent WPV transmission""",Asghar_2014 p.2; Asghar_2014 p.4,,
INTA-24,01_introduccion.tex:19,"RSV tiene alta carga en lactantes, adultos mayores e inmunocomprometidos",Hughes_2022,coincide,"""RSV infections are usually self-limiting in healthy individuals but can become severe, particularly for infants and immunocompromised or elderly individuals.""; ""Up to 1%−2% of infants under 6 months with RSV are hospitalized""",Hughes_2022 p.1,,La fuente habla de gravedad en esos grupos; 'carga' es aproximación aceptable.
INTA-25,01_introduccion.tex:19,La presentación clínica de RSV se confunde con la de otros virus respiratorios,Hughes_2022,parcial,"""Given that RSV infections have similar clinical presentations to COVID-19""; ""Given the similarities in presentation between COVID-19 and RSV""",Hughes_2022 p.1,,La fuente compara solo con COVID-19; la extensión a 'otros virus respiratorios' no está en Hughes.
INTA-26,01_introduccion.tex:19,El seguimiento de RSV en aguas residuales ofrece una vía al margen del diagnóstico individual,Hughes_2022,coincide,"""many RSV infections are not identified because people do not require or seek care, and testing is not always done""; ""Using wastewater to understand community infection rates is a passive method that has the benefit of capturing inputs from an entire community without a participation burden.""",Hughes_2022 p.1,,
INTA-27,01_introduccion.tex:21,Mejía Calle realizó un muestreo pasivo semanal de 24 horas en el influente de la PTAR Quitumbe,MejiaCalle_2024,coincide,"""Se utilizó un equipo de muestreo pasivo tipo torpedo ... se colocó en colectores de aguas residuales de la PTAR Quitumbe, durante 24 horas semanales.""; ""The samplers were immersed for 24 hours once a week in the incoming wastewater at the Quitumbe WWTP""",MejiaCalle_2024 p.8; MejiaCalle_2024 p.32,,Las tablas registran algunas muestras en 'Cárcamo' además de 'Entrance WWTP' (p.42).
INTA-28,01_introduccion.tex:21,Los genes N1 y N2 de SARS-CoV-2 fueron detectados en todas las muestras,MejiaCalle_2024,parcial,"p.40: ""the N1 and N2 genes were detected in all samples, confirming the circulation of SARS-CoV-2""; p.55: ""both N1 and N2 genes were detected in 20 out of 47 samples, while in the remaining samples, only one of the two genes was detected.""",MejiaCalle_2024 p.40; MejiaCalle_2024 p.55,,"La propia fuente se contradice: SARS-CoV-2 se detectó en todas, pero ambos genes solo en 20/47 muestras."
INTA-29,01_introduccion.tex:21,En la secuenciación se utilizó tecnología Oxford Nanopore que permitió identificar linajes de Ómicron,MejiaCalle_2024,coincide,"""PCR multiplex para secuenciación con Oxford Nanopore Technology ... Se observó un predominio de la variante ómicron, con linajes como HN.1, EG.5.1.6, XBB.1.5.1.5 y HV.1""",MejiaCalle_2024 p.8; MejiaCalle_2024 p.45,,
INTA-30,01_introduccion.tex:23,Sims situaron la WBE como herramienta para monitorear la propagación de enfermedades infecciosas a escala comunitaria,Sims_2020,coincide,"Título: ""Future perspectives of wastewater-based epidemiology: Monitoring infectious disease spread and resistance to the community level""",Sims_2020 p.2,,
INTA-31,01_introduccion.tex:23,Parkins la consolidaron como estrategia de vigilancia tras la pandemia de COVID-19,Parkins_2023,coincide,"""WBS has since been embraced as an objective, inclusive, cost-effective, real-time tool""; ""WBS still has a role in disease surveillance in a post-pandemic world""",Parkins_2023 p.31; Parkins_2023 p.32,,
INTA-32,01_introduccion.tex:27,La vigilancia basada en aguas residuales analiza sistemáticamente muestras de alcantarillado o influentes de PTAR para identificar marcadores asociados con una población,Parkins_2023,coincide,"""Wastewater-based surveillance (WBS ...) is an emerging science that systematically analyzes residues in wastewater to understand the populations from which they derive.""",Parkins_2023 p.2,,
INTA-33,01_introduccion.tex:27,"El punto de muestreo define qué grupo de la población está representado, el alcance de la vigilancia y el tipo de información",Parkins_2023,coincide,"""different locations within the collection system will have different source contributions ... Samples can be taken at a wastewater treatment plant or lift station that captures wastewater from the whole municipality. On a more 'zoomed-in' scale, select areas (i.e., neighborhoods) can be monitored""",Parkins_2023 p.7,,
INTA-34,01_introduccion.tex:29,"El material viral es una parte diminuta frente al agua, sólidos, bacterias, inhibidores y ácidos nucleicos degradados",Child_2023; Parkins_2023,coincide,"Child: ""<0.6% of reads were assigned to viruses across all shotgun libraries ... with a mean of 99.6% (SD = 0.5%) reads assigned to bacteria""; ""degraded samples, such as those from wastewater"". Parkins: ""humic and phytic acids, bile salts, polyphenols, detergents, metal ions, bacterial cells, and other biological debris""; ""highly dilute wastewater matrix""",Child_2023 p.3; Child_2023 p.2; Parkins_2023 p.18; Parkins_2023 p.2,,
INTA-35,01_introduccion.tex:29,La composición de la matriz dificulta la detección y la secuenciación,Child_2023; Parkins_2023,coincide,"Child: ""may have been caused by nucleic acid degradation in wastewater samples, which can restrict the contiguous binding of primer pairs""; Parkins: ""resulting in false-negative results and impacting reproducibility""",Child_2023 p.11; Parkins_2023 p.18,,
INTA-36,01_introduccion.tex:31,"El caudal, la dilución por lluvias o infiltración, los aportes industriales, la población conectada y los tiempos de residencia determinan la dilución del virus en el influente",Parkins_2023,coincide,"""stormwater from precipitation/snowmelt ... can increase the flow of wastewater substantially, sometimes as high as 3–10-fold""; ""variable groundwater seepage""; ""commercial and industrial discharges""; ""how many people contributed to the wastewater""; ""Transit time through the system also changes the wastewater's chemistry and biology""",Parkins_2023 p.11; Parkins_2023 p.7,,Cinco factores con respaldo; tiempo de tránsito se vincula en la fuente a cambios químicos/biológicos más que a dilución.
INTA-37,01_introduccion.tex:31,"Inhibidores de la matriz: ácidos húmicos, sales biliares, detergentes e iones metálicos",Parkins_2023,coincide,"""Wastewater samples contain large amounts of those chemicals and substances, including humic and phytic acids, bile salts, polyphenols, detergents, metal ions, bacterial cells""",Parkins_2023 p.18,,Selección de 4 de una lista más amplia; todos presentes.
INTA-38,01_introduccion.tex:31,Los inhibidores suprimen la amplificación de forma parcial o total y producen cuantificaciones incorrectas o falsos negativos,Parkins_2023,coincide,"""Inhibitory substances in the sample can suppress PCR amplification partially or completely, resulting in incorrect quantification or false-negative results (236).""",Parkins_2023 p.19,,
INTA-39,01_introduccion.tex:31,La concentración y extracción aumentan la abundancia relativa del ARN viral y retiran los inhibidores,Chan_2025,no_hallado,,Parkins_2023 p.4,"Parkins_2023 p.4 (""Concentration and extraction of wastewater are required in order to increase the relative abundance of SARS-CoV-2 RNA ... and to remove and mitigate inhibitory substances."")",No está en Chan_2025; proviene de Parkins_2023 (reatribución).
INTA-40,01_introduccion.tex:31,La cuantificación se corrige por el caudal,Chan_2025,no_hallado,,Parkins_2023 p.4,"Parkins_2023 p.4 (""Wastewater-measured SARS-CoV-2 can be adjusted based on a number of extrinsic factors (i.e., flow rates)""); Parkins_2023 p.11",Chan_2025 normaliza solo con PMMoV; la corrección por caudal está en Parkins_2023.
INTA-41,01_introduccion.tex:31,Se normaliza con biomarcadores fecales como el PMMoV,Chan_2025,coincide,"""We used PMMoV RNA concentrations to normalize respiratory virus RNA concentrations. PMMoV is an indigenous wastewater virus which corrects for differences in virus recovery and is of dietary origin which controls for differences in wastewater fecal strength.""",Chan_2025 p.2,,
INTA-42,01_introduccion.tex:31,El PMMoV es de origen vegetal e ingerido con la dieta,Chan_2025,coincide,"""is of dietary origin which controls for differences in wastewater fecal strength""",Chan_2025 p.2,"Parkins_2023 p.15 (""widespread occurrence of pepper products in human diets"")",'Origen vegetal' implícito en el nombre; explícito en Parkins_2023.
INTA-43,01_introduccion.tex:31,El PMMoV es excretado en abundancia,Chan_2025,no_hallado,,Parkins_2023 p.15,"Parkins_2023 p.15 (""owing to its prevalence in sewage""); Parkins_2023 p.14",Chan_2025 no menciona abundancia de excreción; aparece en Parkins_2023.
INTA-44,01_introduccion.tex:35,El enfoque se formalizó en 2001 como una lectura no invasiva del estado de una comunidad,Subedi_2019,parcial,"""The fundamental concept of using municipal sewage information as a nonintrusive tool for the determination of the community-level rates of drug consumption was introduced by Daughton in 2001 (19).""",Subedi_2019 p.17; Subedi_2019 p.10,,"Se sostiene el año y el carácter no intrusivo; la fuente lo limita al consumo de drogas, no al 'estado de una comunidad'."
INTA-45,01_introduccion.tex:35,El poliovirus se vigila en el alcantarillado de Israel desde 1989,Subedi_2019,coincide,"""Poliovirus has been monitored in Israel using sewers since 1989 (63).""",Subedi_2019 p.24,Asghar_2014 p.2 indica 1988,Discrepancia entre fuentes: Asghar_2014 da 1988 para Israel.
INTA-46,01_introduccion.tex:35,Por esta vía se han detectado parechovirus,Subedi_2019,coincide,"""Other studies have detected viruses and pathogenic bacteria (64), including salmonella (65, 66), coxiella (67), parechovirus (68)""",Subedi_2019 p.24,,
INTA-47,01_introduccion.tex:35,…norovirus,Subedi_2019,coincide,"""norovirus (69)""",Subedi_2019 p.24,,
INTA-48,01_introduccion.tex:35,…astrovirus,Subedi_2019,coincide,"""astrovirus (69, 70)""",Subedi_2019 p.24,,
INTA-49,01_introduccion.tex:35,…virus de la hepatitis,Subedi_2019,coincide,"""hepatitis (71)""",Subedi_2019 p.24,,
INTA-50,01_introduccion.tex:35,"…y, más recientemente, el virus del Ébola",Subedi_2019,parcial,"""and most recently Ebola virus (72)""; ref. 72: ""Lin, K.; Marr, L. C. Aerosolization of Ebola Virus Surrogates in Wastewater Systems.""",Subedi_2019 p.24; Subedi_2019 p.31,,"El libro lo afirma, pero la referencia que lo respalda trata de sustitutos del Ébola, no de su detección en aguas residuales."
INTA-51,01_introduccion.tex:35,Los tres virus del estudio se inscriben en un continuo de vigilancia viral ambiental con décadas de trayectoria,Subedi_2019,parcial,"""None of these pathogens are currently monitored routinely in wastewater, and there are many uncertainties yet to be worked out (74).""",Subedi_2019 p.24,"Parkins_2023 p.31 (""WBS existed before COVID-19. However, it was principally an academic pursuit, only rarely considered or applied for real-time surveillance."")",Las décadas se sostienen para poliovirus; para los demás la fuente dice que no se vigilan de forma rutinaria.
INTA-52,01_introduccion.tex:37,"La señal poblacional se aplica de forma directa a agentes de excreción fecal, como los enterovirus, y se ha extendido a ciertos virus respiratorios",Parkins_2023,parcial,"""Unlike polioviruses that primarily shed in the feces and contain a high number of viral particles, SARS-CoV-2 sheds at a relatively low level in feces""; ""Given the profound impact of seasonal respiratory viral infections, efforts to assess respiratory disease activity comprehensively through WBS have great promise.""",Parkins_2023 p.20; Parkins_2023 p.32,,"Parkins trata polio y virus respiratorios, pero no formula la dicotomía 'aplicación directa a fecales / extensión a respiratorios'; para respiratorios habla de promesa."
INTA-53,01_introduccion.tex:39,Tras las primeras detecciones de ARN viral en aguas residuales,Ahmed_2020; Medema_2020,coincide,"Medema: ""This is the first report of detection of SARS-CoV-2 in sewage."" Ahmed: ""This is the first study that reports the detection of SARS-CoV-2 in wastewater in Australia""",Medema_2020 p.1; Ahmed_2020 p.8,,
INTA-54,01_introduccion.tex:39,El monitoreo longitudinal mostró que la señal es cuantitativa y proporcional a la carga clínica,Ahmed_2020; Medema_2020; Acosta_2022,parcial,"Acosta: ""Strong correlations were observed between N1 & N2 gene signals in wastewater and new daily cases""; Ahmed: ""One of the biggest challenges will be to establish quantitative predictions from the viral RNA concentrations measured in the sewage to the actual numbers of cases""",Acosta_2022 p.1; Acosta_2022 p.2; Ahmed_2020 p.8,,"Las fuentes muestran correlación, no proporcionalidad; Ahmed señala explícitamente que la predicción cuantitativa es un reto pendiente."
INTA-55,01_introduccion.tex:39,En Calgary se siguieron tres plantas de tratamiento y seis barrios durante un año,Acosta_2022,coincide,"""monitor the occurrence and spread of SARS-CoV-2 from three wastewater treatment plants (WWTP) and six neighborhoods in the city of Calgary, Canada ... samples were collected from June 2020 to May 2021""",Acosta_2022 p.1,,
INTA-56,01_introduccion.tex:39,Fuertes correlaciones entre la abundancia de N1 y N2 y el número de casos,Acosta_2022,coincide,"""Strong correlations were observed between N1 & N2 gene signals in wastewater and new daily cases for WWTPs and neighborhoods.""",Acosta_2022 p.1; Acosta_2022 p.2,,
INTA-57,01_introduccion.tex:39,En Bangkok las cargas virales se correlacionaron con casos nuevos con un rezago de alrededor de tres semanas,Sangsanont_2022,coincide,"""Wastewater surveillance (both positive rates and viral loads) showed strongest correlation with daily new COVID-19 cases at 22–24 days lag (Spearman's Rho = 0.85–1.00).""",Sangsanont_2022 p.1,,22–24 días ≈ algo más de tres semanas.
INTA-58,01_introduccion.tex:39,La señal ambiental se comportó como indicador adelantado y precedió a la resurgencia clínica,Sangsanont_2022,coincide,"""Increased positive detection rates preceded an increase in the number of newly reported cases""; título: ""preceding the third COVID-19 resurgence in Bangkok""",Sangsanont_2022 p.1,,La fuente atribuye parte del rezago largo a la baja tasa de vigilancia clínica (p.6).
INTA-59,01_introduccion.tex:39,En un contexto de ingresos medios con capacidad diagnóstica limitada,Sangsanont_2022,coincide,"""there is a dearth of performance investigations in low- and middle-income countries""; ""Lesser awareness of COVID-19 symptoms and accessibility to clinical testing led to low clinical surveillance rates.""",Sangsanont_2022 p.1; Sangsanont_2022 p.6,,La fuente no clasifica explícitamente a Tailandia como de ingresos medios; lo enmarca en LMIC.
INTA-60,01_introduccion.tex:43,El muestreo pasivo coloca un dispositivo en el flujo durante un periodo para acumular material biológico,Parkins_2023,coincide,"""'Passive' sampling methods also exist. These methods suspend some form of absorbent media in the wastewater flow that will preferentially absorb/adsorb the target analyte(s) from the passing wastewater""",Parkins_2023 p.10,,
INTA-61,01_introduccion.tex:43,"Emplea medios de adsorción sencillos como hisopos, gasa o tampones de algodón",Parkins_2023,coincide,"""Passive sampling for SARS-CoV-2 RNA, which generally employs simple adsorption media (e.g., a classic Moore swab, using cotton, gauze, or tampons)""",Parkins_2023 p.10,,
INTA-62,01_introduccion.tex:43,"No requiere equipos automáticos, por lo que es alternativa operativa para sitios con limitaciones de presupuesto",Parkins_2023,parcial,"""is often less expensive and simpler to use for the actual sampler deployment component of the workflow (115) ... while passive samplers avoid the maintenance requirements of composite samplers, they still face similar deployment challenges""; ""The main limitation of passive samplers is that they typically cannot deliver data that can be converted into a representative concentration""",Parkins_2023 p.10,,Se sostiene menor costo y simplicidad; 'sitios con limitaciones de presupuesto' es inferencia y se omiten las limitaciones que la fuente señala.
INTA-63,01_introduccion.tex:43,"Roldan-Hernandez compararon SARS-CoV-2, RSV, rinovirus y bacteriófago MS2 en fracción sólida y líquida",RoldanHernandez_2023,coincide,"""we examined the solid−liquid partitioning behavior of four viruses in wastewater: SARS-CoV-2, respiratory syncytial virus (RSV), rhinovirus (RV), and F+ coliphage/MS2""",RoldanHernandez_2023 p.1,,"El estudio trata partición sólido-líquido en aguas crudas, no muestreadores pasivos."
INTA-64,01_introduccion.tex:43,Las concentraciones de ARN en la fracción sólida fueron 3 a 4 órdenes de magnitud superiores,RoldanHernandez_2023,coincide,"""In both experiments, RNA concentrations were higher in the solid fraction than the liquid fraction by approximately 3−4 orders of magnitude.""",RoldanHernandez_2023 p.1,,
INTA-65,01_introduccion.tex:43,Coeficientes de partición entre 2000 y 270 000 mL g-1,RoldanHernandez_2023,coincide,"""Partition coefficients (KF) ranged from 2000−270,000 mL·g−1 across viruses and temperature conditions.""",RoldanHernandez_2023 p.1,,
INTA-66,01_introduccion.tex:45,"Dispositivo pasivo tipo torpedo impreso en 3D con membrana de nailon, gasa e hisopos de algodón",MejiaCalle_2024,coincide,"""used a passive 3D-printed device for sample collection ... Due to its torpedo-like design ... The device was equipped with a nylon membrane (0.45 µm pore size), gauze, cotton swabs, and a metal rod""",MejiaCalle_2024 p.30,,
INTA-67,01_introduccion.tex:45,"Expuesto 24 horas en el influente, muestreo semanal, 47 muestras",MejiaCalle_2024,coincide,"""The samplers were immersed for 24 hours once a week in the incoming wastewater at the Quitumbe WWTP ... resulting in a total of 47 samples throughout the study.""",MejiaCalle_2024 p.32,,
INTA-68,01_introduccion.tex:45,Representó aguas residuales de once barrios del Distrito Metropolitano de Quito,MejiaCalle_2024,coincide,"""serves 11 neighborhoods in the Metropolitan District of Quito, which are: Manuelita Sáenz, San Alfonso, ...""",MejiaCalle_2024 p.32,,
INTA-69,01_introduccion.tex:45,Caudal reportado de 75 L/s,MejiaCalle_2024,coincide,"""in the incoming wastewater at the Quitumbe WWTP, where the flow rate is 75 L/s.""",MejiaCalle_2024 p.32,,
INTA-70,01_introduccion.tex:47,"La señal recuperada depende del material, la duración de exposición, la carga de sólidos y la eficiencia de recuperación",MejiaCalle_2024,no_hallado,,,"Parkins_2023 p.10 (parcial: ""The media selected must also be capable of freely releasing these same targets ... validate the absorption/adsorption and recovery"")","Oración sin cita propia; no aparece en MejiaCalle_2024; Parkins_2023 cubre material y recuperación, no duración ni carga de sólidos."
INTA-71,01_introduccion.tex:47,La baja concentración viral en los componentes individuales obligó a analizarlos de forma combinada,MejiaCalle_2024,coincide,"""membrane, and swab) were initially tested separately. However, due to the low concentrations obtained from the individual samples, it was decided to pool the samples collected on the same date""",MejiaCalle_2024 p.33,,
INTA-72,01_introduccion.tex:47,La secuenciación quedó condicionada por valores de Cq tardíos,MejiaCalle_2024,coincide,"""only 36 samples could be sequenced, as the remaining 11 samples had very late CT values, which prevented successful sequencing""",MejiaCalle_2024 p.45,,
INTA-73,01_introduccion.tex:47,…y por cambios en el rendimiento de los cebadores,MejiaCalle_2024,coincide,"""the methodology used is highly sensitive to primer changes""; ""when the primers were changed, the correct detection of lineages diminished, likely due to improper adherence of the primers to the virus""",MejiaCalle_2024 p.10; MejiaCalle_2024 p.55,,"La fuente habla de cambio de juego de cebadores (ARTIC → LoCost V.3), p.35."
